{
  "arm_inclination": -2.9439640045166016,
  "pca_weights": [
    -0.45276132225990295,
    -0.24145889282226563,
    1.4154326915740967,
    -0.27781790494918823,
    -0.8200569748878479,
    0.18922945857048035,
    -0.6317843794822693,
    0.14136986434459686,
    -0.5248125195503235,
    -0.18168671429157257,
    1.597765564918518,
    0.9055876135826111,
    0.25191882252693176,
    -0.07561783492565155,
    0.5544930100440979
  ]
}
